﻿<?xml version="1.0" encoding="utf-8"?>
<publishData>
  <publishProfile publishUrl="E:\发布测试\TheWebApp" deleteExistingFiles="False" ftpAnonymousLogin="False" ftpPassiveMode="True" msdeploySite="" msdeploySiteID="" msdeployRemoteSitePhysicalPath="" msdeployAllowUntrustedCertificate="False" msdeploySkipExtraFilesOnServer="True" msdeployMarkAsApp="False" profileName="配置文件1" publishMethod="FileSystem" replaceMatchingFiles="True" userName="" savePWD="False" userPWD="" SelectedForPublish="True">
    <file relUrl="bin/TestWebApp.pdb" publishTime="05/23/2012 17:53:47" />
    <file relUrl="bin/ICSharpCode.SharpZipLib.dll" publishTime="03/26/2012 17:50:59" />
    <file relUrl="bin/log4net.config" publishTime="04/01/2012 11:29:52" />
    <file relUrl="Web.config" publishTime="05/23/2012 17:54:00" />
    <file relUrl="log4net.config" publishTime="04/01/2012 11:29:52" />
    <file relUrl="Default.aspx" publishTime="04/17/2012 15:58:02" />
    <file relUrl="bin/log4net.dll" publishTime="03/26/2012 17:51:00" />
    <file relUrl="bin/CSharpUtils.pdb" publishTime="05/23/2012 17:53:47" />
    <file relUrl="bin/CSharpUtils.dll" publishTime="05/23/2012 17:53:47" />
    <file relUrl="bin/TestWebApp.dll" publishTime="05/23/2012 17:53:47" />
  </publishProfile>
</publishData>